-- MySQL dump 10.13  Distrib 8.0.41, for Linux (x86_64)
--
-- Host: localhost    Database: quiz_app
-- ------------------------------------------------------
-- Server version	8.0.41-0ubuntu0.22.04.1

/*!40101 SET @OLD_CHARACTER_SET_CLIENT=@@CHARACTER_SET_CLIENT */;
/*!40101 SET @OLD_CHARACTER_SET_RESULTS=@@CHARACTER_SET_RESULTS */;
/*!40101 SET @OLD_COLLATION_CONNECTION=@@COLLATION_CONNECTION */;
/*!50503 SET NAMES utf8mb4 */;
/*!40103 SET @OLD_TIME_ZONE=@@TIME_ZONE */;
/*!40103 SET TIME_ZONE='+00:00' */;
/*!40014 SET @OLD_UNIQUE_CHECKS=@@UNIQUE_CHECKS, UNIQUE_CHECKS=0 */;
/*!40014 SET @OLD_FOREIGN_KEY_CHECKS=@@FOREIGN_KEY_CHECKS, FOREIGN_KEY_CHECKS=0 */;
/*!40101 SET @OLD_SQL_MODE=@@SQL_MODE, SQL_MODE='NO_AUTO_VALUE_ON_ZERO' */;
/*!40111 SET @OLD_SQL_NOTES=@@SQL_NOTES, SQL_NOTES=0 */;

--
-- Table structure for table `answers`
--

DROP TABLE IF EXISTS `answers`;
/*!40101 SET @saved_cs_client     = @@character_set_client */;
/*!50503 SET character_set_client = utf8mb4 */;
CREATE TABLE `answers` (
  `id` int NOT NULL AUTO_INCREMENT,
  `result_id` int NOT NULL,
  `option_id` int NOT NULL,
  PRIMARY KEY (`id`),
  UNIQUE KEY `id` (`id`),
  KEY `answers_fk1` (`result_id`),
  CONSTRAINT `answers_fk1` FOREIGN KEY (`result_id`) REFERENCES `results` (`id`)
) ENGINE=InnoDB AUTO_INCREMENT=10 DEFAULT CHARSET=utf8mb4 COLLATE=utf8mb4_0900_ai_ci;
/*!40101 SET character_set_client = @saved_cs_client */;

--
-- Dumping data for table `answers`
--

LOCK TABLES `answers` WRITE;
/*!40000 ALTER TABLE `answers` DISABLE KEYS */;
INSERT INTO `answers` VALUES (1,20,1),(2,27,54),(3,28,55),(4,30,53),(5,32,53),(6,33,54),(7,36,53),(8,41,54),(9,43,53);
/*!40000 ALTER TABLE `answers` ENABLE KEYS */;
UNLOCK TABLES;

--
-- Table structure for table `options`
--

DROP TABLE IF EXISTS `options`;
/*!40101 SET @saved_cs_client     = @@character_set_client */;
/*!50503 SET character_set_client = utf8mb4 */;
CREATE TABLE `options` (
  `id` int NOT NULL AUTO_INCREMENT,
  `option_text` varchar(255) NOT NULL,
  `question_id` int NOT NULL,
  `is_correct` tinyint(1) NOT NULL,
  `updated_at` datetime DEFAULT NULL,
  `created_at` datetime DEFAULT NULL,
  PRIMARY KEY (`id`),
  KEY `options_fk2` (`question_id`),
  CONSTRAINT `options_fk2` FOREIGN KEY (`question_id`) REFERENCES `questions` (`id`) ON DELETE CASCADE
) ENGINE=InnoDB AUTO_INCREMENT=62 DEFAULT CHARSET=utf8mb4 COLLATE=utf8mb4_0900_ai_ci;
/*!40101 SET character_set_client = @saved_cs_client */;

--
-- Dumping data for table `options`
--

LOCK TABLES `options` WRITE;
/*!40000 ALTER TABLE `options` DISABLE KEYS */;
INSERT INTO `options` VALUES (39,'1 - javob',36,1,'2025-01-24 15:14:04','2025-01-24 15:14:04'),(40,'2 - javob',36,0,'2025-01-24 15:14:04','2025-01-24 15:14:04'),(53,'1-javob',49,1,'2025-01-29 15:04:31','2025-01-29 15:04:31'),(54,'2-javob',49,0,'2025-01-29 15:04:31','2025-01-29 15:04:31'),(55,'3-javob',49,0,'2025-01-29 15:04:31','2025-01-29 15:04:31'),(56,'1-javob',50,0,'2025-01-29 15:04:31','2025-01-29 15:04:31'),(57,'2-javob',50,0,'2025-01-29 15:04:31','2025-01-29 15:04:31'),(58,'3-javob',50,1,'2025-01-29 15:04:31','2025-01-29 15:04:31'),(59,'1-javob New',51,1,'2025-01-29 17:10:25','2025-01-29 17:10:25'),(60,'1-javob new',52,1,'2025-01-29 19:39:46','2025-01-29 19:39:46'),(61,'1-javob',53,1,'2025-02-05 16:07:32','2025-02-05 16:07:32');
/*!40000 ALTER TABLE `options` ENABLE KEYS */;
UNLOCK TABLES;

--
-- Table structure for table `questions`
--

DROP TABLE IF EXISTS `questions`;
/*!40101 SET @saved_cs_client     = @@character_set_client */;
/*!50503 SET character_set_client = utf8mb4 */;
CREATE TABLE `questions` (
  `id` int NOT NULL AUTO_INCREMENT,
  `question_text` text NOT NULL,
  `quiz_id` int NOT NULL,
  `updated_at` datetime DEFAULT NULL,
  `created_at` datetime DEFAULT NULL,
  PRIMARY KEY (`id`),
  KEY `questions_fk2` (`quiz_id`),
  CONSTRAINT `questions_fk2` FOREIGN KEY (`quiz_id`) REFERENCES `quizzes` (`id`) ON DELETE CASCADE
) ENGINE=InnoDB AUTO_INCREMENT=54 DEFAULT CHARSET=utf8mb4 COLLATE=utf8mb4_0900_ai_ci;
/*!40101 SET character_set_client = @saved_cs_client */;

--
-- Dumping data for table `questions`
--

LOCK TABLES `questions` WRITE;
/*!40000 ALTER TABLE `questions` DISABLE KEYS */;
INSERT INTO `questions` VALUES (36,'2-savol',156,'2025-01-24 15:14:04','2025-01-24 15:14:04'),(49,'Enum nega kerak?',158,'2025-01-29 15:04:31','2025-01-29 15:04:31'),(50,'4 ta ustunni tariflang.',158,'2025-01-29 15:04:31','2025-01-29 15:04:31'),(51,'1-savol New',135,'2025-01-29 17:10:25','2025-01-29 17:10:25'),(52,'1-savol',159,'2025-01-29 19:39:46','2025-01-29 19:39:46'),(53,'1-savol',160,'2025-02-05 16:07:32','2025-02-05 16:07:32');
/*!40000 ALTER TABLE `questions` ENABLE KEYS */;
UNLOCK TABLES;

--
-- Table structure for table `quizzes`
--

DROP TABLE IF EXISTS `quizzes`;
/*!40101 SET @saved_cs_client     = @@character_set_client */;
/*!50503 SET character_set_client = utf8mb4 */;
CREATE TABLE `quizzes` (
  `id` int NOT NULL AUTO_INCREMENT,
  `unique_value` varchar(255) NOT NULL,
  `title` varchar(255) NOT NULL,
  `description` text NOT NULL,
  `user_id` int NOT NULL,
  `time_limit` int NOT NULL,
  `updated_at` datetime DEFAULT NULL,
  `created_at` datetime DEFAULT NULL,
  PRIMARY KEY (`id`),
  UNIQUE KEY `unique_value` (`unique_value`),
  KEY `quizzes_fk3` (`user_id`),
  CONSTRAINT `quizzes_fk3` FOREIGN KEY (`user_id`) REFERENCES `users` (`id`)
) ENGINE=InnoDB AUTO_INCREMENT=161 DEFAULT CHARSET=utf8mb4 COLLATE=utf8mb4_0900_ai_ci;
/*!40101 SET character_set_client = @saved_cs_client */;

--
-- Dumping data for table `quizzes`
--

LOCK TABLES `quizzes` WRITE;
/*!40000 ALTER TABLE `quizzes` DISABLE KEYS */;
INSERT INTO `quizzes` VALUES (135,'1','Php savollar','20 ta savol bor New',16,30,'2025-01-21 13:41:35','2025-01-21 13:41:35'),(156,'123','Vue Js','30 ta savol',16,10,'2025-01-23 13:51:20','2025-01-23 13:51:20'),(158,'6799fd2f9a0de','OOP dan savollar','Exam',16,45,'2025-01-29 15:04:31','2025-01-29 15:04:31'),(159,'679a3db269bac','Tatu imtixon','Exam',16,60,'2025-01-29 19:39:46','2025-01-29 19:39:46'),(160,'67a34674c635c','Ona tilidan  savollar','40 ta',16,35,'2025-02-05 16:07:32','2025-02-05 16:07:32');
/*!40000 ALTER TABLE `quizzes` ENABLE KEYS */;
UNLOCK TABLES;

--
-- Table structure for table `results`
--

DROP TABLE IF EXISTS `results`;
/*!40101 SET @saved_cs_client     = @@character_set_client */;
/*!50503 SET character_set_client = utf8mb4 */;
CREATE TABLE `results` (
  `id` int NOT NULL AUTO_INCREMENT,
  `user_id` int NOT NULL,
  `quiz_id` int NOT NULL,
  `started_at` datetime DEFAULT NULL,
  `finished_at` datetime NOT NULL,
  PRIMARY KEY (`id`),
  UNIQUE KEY `id` (`id`),
  KEY `results_fk1` (`user_id`),
  KEY `results_fk2` (`quiz_id`),
  CONSTRAINT `results_fk1` FOREIGN KEY (`user_id`) REFERENCES `users` (`id`),
  CONSTRAINT `results_fk2` FOREIGN KEY (`quiz_id`) REFERENCES `quizzes` (`id`) ON DELETE CASCADE
) ENGINE=InnoDB AUTO_INCREMENT=46 DEFAULT CHARSET=utf8mb4 COLLATE=utf8mb4_0900_ai_ci;
/*!40101 SET character_set_client = @saved_cs_client */;

--
-- Dumping data for table `results`
--

LOCK TABLES `results` WRITE;
/*!40000 ALTER TABLE `results` DISABLE KEYS */;
INSERT INTO `results` VALUES (2,16,135,'2025-01-23 15:35:33','2025-01-23 16:00:33'),(3,16,135,'2025-01-23 15:38:55','2025-01-23 16:03:55'),(4,16,156,'2025-01-23 15:44:31','2025-01-23 15:45:31'),(5,16,156,'2025-01-23 15:46:49','2025-01-23 15:47:49'),(6,16,156,'2025-01-23 15:51:51','2025-01-23 15:52:51'),(7,16,135,'2025-01-23 15:52:03','2025-01-23 16:17:03'),(10,16,135,'2025-01-28 12:26:20','2025-01-28 12:56:20'),(11,16,156,'2025-01-28 12:26:42','2025-01-28 12:36:42'),(12,16,156,'2025-01-28 12:30:56','2025-01-28 12:40:56'),(13,16,135,'2025-01-29 12:13:24','2025-01-29 12:43:24'),(14,16,156,'2025-01-29 12:15:18','2025-01-29 12:25:18'),(15,16,156,'2025-01-29 12:32:12','2025-01-29 12:42:12'),(16,16,156,'2025-01-29 12:32:31','2025-01-29 12:42:31'),(17,16,135,'2025-01-29 12:34:00','2025-01-29 13:04:00'),(18,16,135,'2025-01-29 12:40:49','2025-01-29 13:10:49'),(19,16,135,'2025-01-29 12:42:15','2025-01-29 13:12:15'),(20,16,135,'2025-01-29 12:43:29','2025-01-29 13:13:29'),(21,16,135,'2025-01-29 13:47:42','2025-01-29 14:17:42'),(22,16,156,'2025-01-29 14:11:20','2025-01-29 14:21:20'),(23,16,156,'2025-01-29 14:12:11','2025-01-29 14:22:11'),(24,16,135,'2025-01-29 14:21:26','2025-01-29 14:51:26'),(25,16,135,'2025-01-29 14:22:38','2025-01-29 14:52:38'),(26,16,135,'2025-01-29 14:56:54','2025-01-29 15:26:54'),(27,16,158,'2025-01-29 15:05:09','2025-01-29 15:50:09'),(28,16,158,'2025-01-29 15:05:39','2025-01-29 15:50:39'),(29,16,158,'2025-01-29 15:06:15','2025-01-29 15:51:15'),(30,16,158,'2025-01-29 15:06:51','2025-01-29 15:51:51'),(31,16,158,'2025-01-29 15:09:10','2025-01-29 15:54:10'),(32,16,158,'2025-01-29 15:09:23','2025-01-29 15:54:23'),(33,16,158,'2025-01-29 15:14:48','2025-01-29 15:59:48'),(34,16,158,'2025-01-29 15:15:29','2025-01-29 16:00:29'),(35,16,158,'2025-01-29 15:27:22','2025-01-29 16:12:22'),(36,16,158,'2025-01-29 15:29:57','2025-01-29 16:14:57'),(37,16,135,'2025-01-29 15:30:44','2025-01-29 16:00:44'),(38,16,156,'2025-01-29 16:12:59','2025-01-29 16:22:59'),(39,16,135,'2025-01-29 16:15:48','2025-01-29 16:45:48'),(40,16,135,'2025-01-29 16:15:52','2025-01-29 16:45:52'),(41,16,158,'2025-01-29 16:16:43','2025-01-29 17:01:43'),(42,16,158,'2025-01-29 16:17:18','2025-01-29 17:02:18'),(43,16,158,'2025-01-29 16:18:57','2025-01-29 17:03:57'),(44,16,159,'2025-01-29 19:40:35','2025-01-29 20:40:35'),(45,16,160,'2025-02-05 16:07:42','2025-02-05 16:42:42');
/*!40000 ALTER TABLE `results` ENABLE KEYS */;
UNLOCK TABLES;

--
-- Table structure for table `user_api_tokens`
--

DROP TABLE IF EXISTS `user_api_tokens`;
/*!40101 SET @saved_cs_client     = @@character_set_client */;
/*!50503 SET character_set_client = utf8mb4 */;
CREATE TABLE `user_api_tokens` (
  `id` int NOT NULL AUTO_INCREMENT,
  `token` varchar(255) DEFAULT NULL,
  `user_id` int DEFAULT NULL,
  `expires_at` datetime NOT NULL,
  `created_at` datetime DEFAULT NULL,
  PRIMARY KEY (`id`),
  KEY `user_id` (`user_id`),
  CONSTRAINT `user_api_tokens_ibfk_1` FOREIGN KEY (`user_id`) REFERENCES `users` (`id`)
) ENGINE=InnoDB AUTO_INCREMENT=130 DEFAULT CHARSET=utf8mb4 COLLATE=utf8mb4_0900_ai_ci;
/*!40101 SET character_set_client = @saved_cs_client */;

--
-- Dumping data for table `user_api_tokens`
--

LOCK TABLES `user_api_tokens` WRITE;
/*!40000 ALTER TABLE `user_api_tokens` DISABLE KEYS */;
INSERT INTO `user_api_tokens` VALUES (1,'c682d48984c3c9b73aea0392166f75ea2d28a456037028939f62132615c554f495c02c1d12efcd9a',1,'2025-01-01 16:39:33','2024-12-25 16:39:33'),(2,'8c5050257ef725270bfd1c69a37eb2c64dbb4970cd1e7f58e98922e31e93a450c8efa153c1313ccf',2,'2025-01-01 16:41:53','2024-12-25 16:41:53'),(3,'8c61f463329c5dfd03705fe5d8bf2e842cda3e66d758855b5aa4e29b0f5220f6f01cdbbbbe70735f',3,'2025-01-01 16:42:20','2024-12-25 16:42:20'),(4,'b8e0212e7c0f0678fedbf61243487c170b871b65118b422bc88a6b373ca591608f704c974f50844b',4,'2025-01-01 16:59:29','2024-12-25 16:59:29'),(5,'2800a92c56d22f58c0a6dec9aa7daea1420c744e9f787b02734b2969db23e6ab66d1c072b5909794',5,'2025-01-01 17:00:42','2024-12-25 17:00:42'),(6,'dadae4f212917998100cbadb097884fb523809277cf909c49c0c2facc8c9418bb9bcae44e22d2241',6,'2025-01-01 17:58:23','2024-12-25 17:58:23'),(7,'424b27a6a0b3bc12fa418876cc4bbdb8ada6c13180a792cd8453c03993d74103409fe5feb98edd5f',7,'2025-01-02 13:01:36','2024-12-26 13:01:36'),(8,'6ccc8cd1aa3267694d902568125a1b0154ae9e941ff484b7070dd0dc462deb70d8406cdefd3c973b',8,'2025-01-02 13:01:37','2024-12-26 13:01:37'),(9,'7f1abf88610bb883afa8dbca486f3926a306f7f1efd0d1512939f84eeb713f10a54064be32e51a9d',9,'2025-01-02 17:12:21','2024-12-26 17:12:21'),(10,'8a80d364b60838b6bb7490b22b84775af911dbcb3c6bbe2ec54d20b2a157a7740bec8db6cb8d31ca',10,'2025-01-02 17:12:41','2024-12-26 17:12:41'),(11,'a692f56ab9690418bddbc8ae7986eee0d54b17416fcfe2c6fb0c0d4e2a537f95f7c04f66b4a33f33',11,'2025-01-02 17:14:05','2024-12-26 17:14:05'),(12,'07a01134624c5fc13327dd4dbf8f85835634d6466111bef6a7763234846bc42dfee34deed05c81fc',12,'2025-01-02 17:14:18','2024-12-26 17:14:18'),(13,'d4d621b1b7e1548dbfcc7ae517eb7e802ac44b2d0937e38ab168a461c8a7a3cdf70ae8806d2ef07d',13,'2025-01-02 17:19:48','2024-12-26 17:19:48'),(14,'c883ef5790b704e4143994c684125090d09b4df7d378be7726c7a0ab946a3ae3dde0bd31cf2f8754',14,'2025-01-02 17:20:15','2024-12-26 17:20:15'),(15,'0f738d056f481e310ff091ea6f61bd92fe9e70ecf5ec3dcfaaa5cb26638cb236371705790fb06f54',15,'2025-01-02 17:36:15','2024-12-26 17:36:15'),(16,'eb8831c0f260e6a4748c23aac40083823d813d4a52b850e4fb86e039514237cd129b662dea7af552',16,'2025-01-13 15:05:07','2025-01-06 15:05:07'),(17,'83f473847c3032cd0418e0408889aaf330771bc6d5a09ad7bc20ca0631e89cad9266692d9adc05c2',17,'2025-01-13 15:27:09','2025-01-06 15:27:09'),(18,'7ac668b8d382c00d4500b3113e146429d896ea050d5c302b26cb1a8944db2391336229a477ee08aa',18,'2025-01-13 15:33:20','2025-01-06 15:33:20'),(19,'b7fdfdda138238fbbccb386b1238131a3450276ca524b91d5cfae22e0af3d943fc4068c61384b55b',19,'2025-01-13 15:39:50','2025-01-06 15:39:50'),(20,'0ec0e82efb23cb866d11bb0f9ad5fb815418b6f086b838f1690792c708e500e623e813204c89314c',20,'2025-01-16 18:19:38','2025-01-09 18:19:38'),(21,'918ad902ce541addc2539c8f853ff862c9a83a1ff5a441a20b6d41faab83b0110f52fcb9744d9ef5',21,'2025-01-16 18:26:02','2025-01-09 18:26:02'),(22,'3db969b34128f7baef74dbfde1ad4f8d083803b21540052540b47637ca1a0652c7b692ca557c435c',22,'2025-01-16 18:26:19','2025-01-09 18:26:19'),(23,'8d24375400009062f0dd1dfc09c8b91e3d0bdd4ff1c57b2901cd1d4f0d7f91dc5f73bc1c09895f80',23,'2025-01-16 18:33:38','2025-01-09 18:33:38'),(24,'929e02d08a191ddacbcdab4fa3eddb597714365ac8b1614214653acb2aad69ab53e736b5f2845b46',23,'2025-01-16 18:39:21','2025-01-09 18:39:21'),(25,'312025d52efe19b76c3c918f5ca8ec30072d28a6ee5e20468df81ca3e1aae29ea5fee782c789ddac',24,'2025-01-16 18:40:47','2025-01-09 18:40:47'),(26,'c0abc994de60d60e4b1f2ca2e7dd7fc93f2ffeaa5aea4e2f63a91a04e21d6b2dcd95c50318ab0e4f',25,'2025-01-16 18:44:56','2025-01-09 18:44:56'),(27,'659c792ff08f1d2bb4717b985f097ef25f0ec7500fe7a4d6b197e20268960d8c4f53f40c32762d24',26,'2025-01-16 18:46:09','2025-01-09 18:46:09'),(28,'b02594a135b37312fcbc579cb88de7cd4acb7addf0f79ffdbe42223d0f29ff06eea0f44e141e919e',27,'2025-01-16 23:38:37','2025-01-09 23:38:37'),(29,'0f3aa3b78d31125bacb99d4fce289d74454c75d346fb480a9ee753ffd94ad732ffbaacc64060bcfb',23,'2025-01-16 23:38:53','2025-01-09 23:38:53'),(30,'51ec75773cc5cf1c645709257319d027c6ff142ec3ba79cc368906a8ed96c2b303963effb0375576',20,'2025-01-17 16:41:29','2025-01-10 16:41:29'),(31,'1f25f81975fc106970edda2f5834d6a5ebbcfa39c043a39f65ad7997b96421ef2586b6bb05d20013',20,'2025-01-17 16:47:48','2025-01-10 16:47:48'),(32,'8d8782abc432915473ff0a9a1e2a8132d26a67a4602be2c45cb4a160253b316d9bc47e98df9f50a1',20,'2025-01-17 16:48:49','2025-01-10 16:48:49'),(33,'ac25fbcfb40e98a6ec9f4f8bf268c24e5beb8673682beb999ed1f2ac68a91c755efd80945ed32d25',20,'2025-01-17 16:53:47','2025-01-10 16:53:47'),(34,'c31b84e16efd962b9df4592c4350ed6076dd781fe3f7244d899bbbfe209b1a32e05518590fb5e131',20,'2025-01-17 19:06:32','2025-01-10 19:06:32'),(35,'509e5974a5213abe2401b6759343c2e1f81989f79c64462af20114533aeeba517dcd4748f19c1836',28,'2025-01-17 21:11:32','2025-01-10 21:11:32'),(36,'badefdc0a26af9525f726824c93374bb6a4e5583120d4f4d5dee505bc658dc021d3d4bb0c9ed9f52',29,'2025-01-17 21:14:33','2025-01-10 21:14:33'),(37,'1964bf34f7700477ee1e220be606fad612ebb267f385b5d67d3c7562a302c44a1e3eea0885671a32',30,'2025-01-17 21:19:57','2025-01-10 21:19:57'),(38,'fe2a99d50a66b4d83ddcb1136274c00b853588815b1d1be6ab53b9efa8ad6cf7fcb9aac251607d85',31,'2025-01-17 21:22:10','2025-01-10 21:22:10'),(39,'c43970fa164aab4df91de283ebf3782b1cf87e2b12237d11423face714b7e3bb1ef66707742f81ee',32,'2025-01-17 21:23:16','2025-01-10 21:23:16'),(40,'75b10f0eabcd83308e23d2b9a2a95d4e13e039df7d7b8470192b5b55272c793cc1f73258e9f86ee0',33,'2025-01-17 21:24:46','2025-01-10 21:24:46'),(41,'1e4cfc546a9e0791a5b5e9c16f9c03d93fa85cec9a3594c839ed2824e3345cfa1810f67707b13189',34,'2025-01-17 21:27:32','2025-01-10 21:27:32'),(42,'838f6de022721228cf16a8d11ae7d3335e5f5a816f62ec3b6dd2aeccb4d9a8a93c6f3647e7b38aec',35,'2025-01-17 21:29:44','2025-01-10 21:29:44'),(43,'f9b98e10a2c7b41f15b85c451ca9440612cc2cb48d5e2902792648f21ac77a4064e82bd3a2ee7974',36,'2025-01-17 21:29:46','2025-01-10 21:29:46'),(44,'25503ac78c3f490481e172798a7544d6223e3aaadde568f32ec357c5098ff7d5fb8bf6697d3de2e7',37,'2025-01-17 21:29:47','2025-01-10 21:29:47'),(45,'a8543684e646849e262d517fa2fb0f8f1015e182d8ab20f5d5757607f9e5f232d60e59647401776e',38,'2025-01-17 21:31:32','2025-01-10 21:31:32'),(46,'afd09eaac43fa30d78be0565f4badd68e710d50406cf88cf53cfaa65e9dcb3402110b04538310fe8',39,'2025-01-17 21:31:32','2025-01-10 21:31:32'),(47,'a1475ad50a4b3621e399d0e73a49624a9659409f2c47029a92e1c02538b2392f1de7df194f5f4394',40,'2025-01-17 21:31:33','2025-01-10 21:31:33'),(48,'bdf82a9faf2f9258f62f26e1fe3a42e81092474a796ce3fb5a2cfe244b0a5823203acc3cdd3921be',41,'2025-01-17 21:31:33','2025-01-10 21:31:33'),(49,'a4454d96bb31143d46b575e5cc59e2ff210876f1372bb945e01d02b6de9552da4562e94f92fa3998',42,'2025-01-17 21:31:33','2025-01-10 21:31:33'),(50,'b6f295bba4c31d970c75f98383a9c64691214e481c49e34f2c37f7de6e032cb4a8374416b4aa3887',43,'2025-01-17 21:31:33','2025-01-10 21:31:33'),(51,'1005a0fdf18ca344cf6999bfe91b06f6262df681ffff27abaa1d5e9305d02c66b17d3a5f6171a876',44,'2025-01-17 21:31:33','2025-01-10 21:31:33'),(52,'2fc2bdf4c1d1d48c7c49cf3ed99bf08c2fd2212efbbc7ed1234ae0ab8af11917462d650ae0c9a889',45,'2025-01-17 21:31:34','2025-01-10 21:31:34'),(53,'946e7e401dc5ef07c9b7fb3fec9e72ba1837193862bb90d023c59875b1aea459c8f10a3bc5bfb989',46,'2025-01-17 21:31:34','2025-01-10 21:31:34'),(54,'ff848ed38891d1e53a455f8391ef8bf603d8dbfe5b448008b0270ffc73a30dca27c2cdfc29a2166c',47,'2025-01-17 21:31:34','2025-01-10 21:31:34'),(55,'0f4e2785b7f14bdaf869f71980197d82a0b19a13a44f27fc49966f1b3360a53b58eb32767b67e103',48,'2025-01-17 21:36:24','2025-01-10 21:36:24'),(56,'2ab27f0cd832b16495f6b5c97901666be9c0a626dbf19f3cb8329897985feb9351b2be28173374f0',49,'2025-01-20 13:25:14','2025-01-13 13:25:14'),(57,'9596d2debf1ba0196196de07a6f825aeb66610a0397ec691349665957df7929979d5c563ed8966e4',48,'2025-01-20 13:25:54','2025-01-13 13:25:54'),(58,'5d754b83ab0cafe0ec0297cbd9aa86c37d61232eb04b4a1d13d2f79ac967f82be08a7cd909d2ce8a',50,'2025-01-20 13:26:31','2025-01-13 13:26:31'),(59,'d178c2e1904bd1666049f6c42bfd5efdfecdffd16cf29a7e8ecdd29ef60a1a365d7b434f15355184',51,'2025-01-20 13:32:56','2025-01-13 13:32:56'),(60,'7e75aab9397dedc33865003f072cb153204ff53eece28861460835e43742363317d003e030d82617',52,'2025-01-20 15:17:23','2025-01-13 15:17:23'),(61,'9c924750b395f8837876ceb666508a7c1e24aa32cd7f2f1aaea4d853a245741e54162fc3faa61d17',28,'2025-01-20 15:17:36','2025-01-13 15:17:36'),(62,'9af806b477d61720339ba4da81664f9d36bce5a9c4a84eccd7c2af3ca68ae7903ccfdf0f13200cc0',28,'2025-01-20 15:22:41','2025-01-13 15:22:41'),(63,'bb1cc218901ee455ca3fc0e0810668a0a6f1bd4cc202540be18ec51159706c64291ed23e3ff44176',28,'2025-01-20 15:50:59','2025-01-13 15:50:59'),(64,'036d2f03e64e5c97c81fd3baa887c49b53eda8b777ce23d92ae6c34a40dae517669254da0a40be5f',53,'2025-01-20 15:51:16','2025-01-13 15:51:16'),(65,'27c13a68331458266754699a9ad86ef12d0a151e94f860155472ff5e3f6d6caffd2e6af2f4ca1377',54,'2025-01-20 15:58:28','2025-01-13 15:58:28'),(66,'10f95538df63644dc3aad6dbe994d4ce42c6c6595c96799ff9e4e8c959d9103bb8c9fab6497b66a0',55,'2025-01-20 16:17:38','2025-01-13 16:17:38'),(67,'14559267a20c5b298d7127d590cb452922f60aff25cf6d2673d7c2a6d3e8176a34a1f8c1bdc406d6',27,'2025-01-20 16:17:58','2025-01-13 16:17:58'),(68,'de53fbd3d8be249dcf3cab63464d319a9a9fb1bc5090bbb035616bb4451d0498c754c38efee0e258',28,'2025-01-20 16:18:46','2025-01-13 16:18:46'),(69,'516952d2cf584fe090ed5188dd6fbe34c7d624d91c8af0c5692ea831ff8f332a8ba45729a99f8df9',56,'2025-01-20 16:19:47','2025-01-13 16:19:47'),(70,'095dca1d48a8825b530b947f1800eb8590f3478cc164ea151ca3ed696c0ac0d41415f9ca24d8d926',56,'2025-01-20 16:20:01','2025-01-13 16:20:01'),(71,'51e2807379687e246db85389ad77e69ed75cf152626e20c5cf7b25ebe9b4af4ee9eda51f8a864bf3',28,'2025-01-20 16:26:36','2025-01-13 16:26:36'),(72,'c90c9c02b4e1f6a41a34ae53da2befb9b368859496943048061144576ea6229de4b759c5025dfe8d',28,'2025-01-20 16:40:26','2025-01-13 16:40:26'),(73,'ba56b7d5e4bbb5d779f4039b724cced54d21d0ecb3433a6fb5d607d7bca11db96fa1652d8656c763',56,'2025-01-20 17:18:56','2025-01-13 17:18:56'),(74,'d95f0e03032edea12dfe5a5d975f13c1a0443bb70004e4cc4a9d7b5a83c4e0da1a259c63903a5fde',57,'2025-01-20 17:21:21','2025-01-13 17:21:21'),(75,'5eac4fc5110b5a7f470d397e291f491d247af110748c15335a85bac618da82fb40cac9c293d3bdcc',58,'2025-01-20 17:29:42','2025-01-13 17:29:42'),(76,'53d5479e0f40d2ed24a6481c1d0a915ee4827818bc6775e8099158d1fd25da697fd0bb3fe99dc324',1,'2025-01-20 17:31:34','2025-01-13 17:31:34'),(77,'5d0e3f1ce4298bf1884e6cdbeaad6342754d3ee79a44db568e87023bb30cd3293f1e812068d13d10',16,'2025-01-20 17:37:58','2025-01-13 17:37:58'),(78,'d0d6adf2930d11e3eac1e21bfaae56cfaaab0faa7b4a0757438bd1d67e7b5fd84bbfa412dfb70ecb',17,'2025-01-20 17:38:33','2025-01-13 17:38:33'),(79,'72aed6e931e8f1277f9260d02d4958764c31d7de89814398b195765399104afb683e36e079339226',18,'2025-01-20 20:29:00','2025-01-13 20:29:00'),(80,'da94cf270f72a179cc4f592af932bd3b25754a56eaf442c96630e25c56c35112329b92534edd0f04',18,'2025-01-21 11:54:13','2025-01-14 11:54:13'),(81,'206e6096094b72f93abd50cf2a3a2df0a38136a1f875f7b1cc075cca20e2170b23b1049fff52340e',18,'2025-01-21 11:57:20','2025-01-14 11:57:20'),(82,'5e00cbfef8c72f8323050b72f96eb7d07fb16405434aaafa5eeaf48dfc0786b9a6f656e6dbbedb50',18,'2025-01-21 12:17:06','2025-01-14 12:17:06'),(83,'63ef80f066d9f49b3997d926e2d52336ecc065449a4b1705de86d06210f577eaeb226d6425d8824c',18,'2025-01-21 12:19:36','2025-01-14 12:19:36'),(84,'23f7ca66b040b48f1a9e3165fdf613d5b302d0335b90f145b6ab1f234b4dd1250bbf3308ac54a2ba',18,'2025-01-21 12:23:10','2025-01-14 12:23:10'),(85,'de36ec9b59e98a40405014656f145c2b8b08a38b6843dc296b45753b830a18bbbc5686becc21bbc8',18,'2025-01-21 12:32:42','2025-01-14 12:32:42'),(86,'dd1d101ed41d9b858ec4f640abcbfb4019fe29f5c221aed43084157b8b36bf28da0eca5c3f2ac939',18,'2025-01-21 12:32:58','2025-01-14 12:32:58'),(87,'feac2e78d3a2ffaf58b04ac395f497d9a7a033e44cd8a2c03fc7a7ef4a98fb31dbcd5fe9f3989da7',18,'2025-01-21 12:33:19','2025-01-14 12:33:19'),(88,'d9e22374fe4c93b86bd3b71a37fd4d2796bbe0b6b9ca7312859f327242a4b5479f732ead49fc2120',18,'2025-01-21 12:36:03','2025-01-14 12:36:03'),(89,'b22420e29683c165145e878be8f57847abdbda4f9c6613b409324331bc1866927394dad66853f4df',18,'2025-01-21 12:36:12','2025-01-14 12:36:12'),(90,'46ae5013e586b1ef84551f094f01167a2158621855981e2f11deced4706a7e01fba2c6fb3899473d',18,'2025-01-21 12:37:18','2025-01-14 12:37:18'),(91,'a2f2aafc47432e520841e9eb52972fe0c66d0aeff57183d1385caf5845beeefb34bfb883291d2026',18,'2025-01-21 12:37:44','2025-01-14 12:37:44'),(92,'851ae56ed7d9c0a919da48889752ab35bcd78efd0bd1735674272747e86bb4315a729457209185a5',18,'2025-01-21 12:38:07','2025-01-14 12:38:07'),(93,'2ffd9fc59166c7e2c68c7b2438f4844da80d40f117839b89c1d15031b8b09fee5b70127cc2f22f6a',18,'2025-01-21 12:38:36','2025-01-14 12:38:36'),(94,'508c280ae6923a2c2d812a60ebabfd5521020f4746ff0a2e9376ec9eec5b76eca3426919bc2b8029',16,'2025-01-21 12:40:42','2025-01-14 12:40:42'),(95,'2b67ac3a77bdbc55ef11523c991d752942fd5bd601932967f761102c41926f6eba58c90657c129eb',18,'2025-01-15 12:43:35','2025-01-14 12:43:35'),(96,'a0cce5ba9f4b76cf22805afc3d5636b9f269cdc514bf58f3d1bb4b8f74673dca535fa3cfbabbde3c',16,'2025-01-15 12:44:01','2025-01-14 12:44:01'),(97,'0ee11b00d6ecb267a44299739efaa15242f5d299798eda601cd59db65418178680f2b5634ae16f1a',16,'2025-01-15 17:47:42','2025-01-14 12:47:42'),(98,'8d8a233648b93f27504fe56c6c68653b58748b34031f314b5764f0be0de47e80153df615d5c55206',18,'2025-01-15 17:48:21','2025-01-14 12:48:21'),(99,'836e61e0d3b6ce23bbd3bd6159af10ef0b6742fad263e8c86a03bff87080ac29c3b33e640778a0a2',16,'2025-01-15 15:53:05','2025-01-14 15:53:05'),(100,'5357b679eec5c939551a23d7b261a396eea6ecb75b7f7b2529dec4c2b935804e0f01fa4b4a277a13',16,'2025-01-15 16:35:02','2025-01-14 16:35:02'),(101,'39b366ea0db42f56b6e9993ae270a68bd2526cc79b3e6d387c2b3c268e14e95585362954a5b2db21',18,'2025-01-15 16:47:45','2025-01-14 16:47:45'),(102,'30ded489475cbcec838112cf0543270be21a2a0ab41e31dff72cada0c6da0cc791dbf1fe99ec7837',16,'2025-01-15 16:55:52','2025-01-14 16:55:52'),(103,'928e28372f2655397373ef3bbb79e196e2a49853a81fc1c6ee93ef2b59c041a37c8e4cdb3f00a75e',18,'2025-01-15 22:12:35','2025-01-14 22:12:35'),(104,'79dc43e4b5f4e2bad748d22e2f6f945e5d3536e0e7192bff5ed734ca9bc63ed084c518511e176118',21,'2025-01-15 22:23:07','2025-01-14 22:23:07'),(105,'8ec732893814b88fb7dbfb9a9c094bf94115e16b270e811614a30cc2438855ee6c8cd0645fe88ad7',22,'2025-01-15 22:23:22','2025-01-14 22:23:22'),(106,'c4e1d4ba6f0cc9ac73e1d1c380bc8d2c93790a4070e134b96cb043bacdd289d7058af16a2c1fd252',23,'2025-01-15 22:23:41','2025-01-14 22:23:41'),(107,'b3e3cfcdfa4d659a1179f7941b1bc8986fc60b35718e9487b94f606c3b55eb4634fa998617482ac2',24,'2025-01-15 22:24:25','2025-01-14 22:24:25'),(108,'6620d595bdacf02152ea2ddac238e205e7a9586280bc4e3e5cd6f5d1e50ada2f558503983fa2d007',25,'2025-01-15 22:24:54','2025-01-14 22:24:54'),(109,'d1717a609477fe4738683a3c35bd63e4b23b468b3bff14cd8fbacb28d8d87855a2b74dafbb5b612c',16,'2025-01-15 22:38:16','2025-01-14 22:38:16'),(110,'86a1836b97dfa079fc2f2aa4da8c439dd747354f89b190f8832daa8a04c920a72d25b8ffe759d184',16,'2025-01-16 23:02:40','2025-01-15 23:02:40'),(111,'022d3b6bdab2755b51770813d21f05ce97dcade26385ab8e7d98d9fc9d9435869453f5df0f33f3a1',18,'2025-01-17 23:04:12','2025-01-16 23:04:12'),(112,'0fb4c140f7e7fe0e4312054070965cf379c0327001b8a277adfdcd69e8d79038ad156e8edf35645c',16,'2025-01-21 20:08:46','2025-01-20 20:08:46'),(113,'e844aa3ec39b553e7b415c5d91b38eb7eb0975c60cb11a03be93701d76a2c7b4895d5551e2700bc4',18,'2025-01-22 10:48:08','2025-01-21 10:48:08'),(114,'8f1cce12f6b32e86c3f4a4cbd011cee6767414975f0b0d62a453dc95ec152405a0c9e6ba576b8edd',16,'2025-01-22 12:56:48','2025-01-21 12:56:48'),(115,'9a3dd2c730c548cb76d57cb6691c47654542da78fd91d43e72de0e1833e2ca0f088cf64a9ee1d1c4',16,'2025-01-23 14:07:12','2025-01-22 14:07:12'),(116,'096114213a709d2d33548dde42831a8bd69488feb3e27a609a15b10d86897ef8ac26f6a2568c36ea',16,'2025-01-23 18:31:41','2025-01-22 18:31:41'),(117,'0c7642d1f9e23dd7549c7cb31cc24a65e77cdfaeb193e7a3af0abe3ec11a7e1caa91be679f2b192b',16,'2025-01-24 19:19:28','2025-01-23 19:19:28'),(118,'2a422db07b8232adbbe153e879576a1e3ee2349e8874702654a82bbc8f718b4e367ef1e74686a602',16,'2025-01-25 15:31:20','2025-01-24 15:31:20'),(119,'63e2dc3f2a355963d86ebe8dbf48de24db2daa4857037ea26a79ff6ba48e92f97c706c90b25fa3bc',16,'2025-01-29 10:13:27','2025-01-28 10:13:27'),(120,'a2a5d7b1cf44ac42d691a3a1f931f38cc6c1bea5485d5440ad06c5b13ce9662427a4aad9bcc90000',16,'2025-01-30 12:12:10','2025-01-29 12:12:10'),(121,'91e0809438b30110d0ebb56a148ef6acbfe25eb57f89863bcb30516e82cfd464471c12b8f9598b57',16,'2025-01-30 15:05:25','2025-01-29 15:05:25'),(122,'20bf2d9989b05f0afa6842134ca9ad6c0118c26fb6db4d6e9d571cf52d979ef453184bbf74bfcb3a',16,'2025-01-30 15:06:02','2025-01-29 15:06:02'),(123,'7e009e16da7514c702aa1b1d730aee450049c04728d633836901c7a26dddc4be8e48a3ecdad829b6',16,'2025-01-30 15:07:18','2025-01-29 15:07:18'),(124,'93cb67fef1827c96dd50272401ad773dfc917bef650a605ea2fa8524610e2455f392b43a7baad19d',16,'2025-01-30 15:10:11','2025-01-29 15:10:11'),(125,'aa79d5deaeb95166132e06164cfe05da89e9dbe9dd285195e70728e805cb602fd4f2958b08e1c994',16,'2025-01-30 15:15:08','2025-01-29 15:15:08'),(126,'2042edcdb8b76e01098327513c07f13b438fbafa26cd7306f7f906089d0495c07beab3fbec6b188e',16,'2025-01-30 15:30:09','2025-01-29 15:30:09'),(127,'de47e542b72488a73180dd169d641aa615ed5115d83fea96d0b8c4a657e4e577cc8d2a25c656d0f1',16,'2025-01-30 16:16:54','2025-01-29 16:16:54'),(128,'fd1b54bfcffeb6520927fccf2bcd2630dec04b981a8491fd6a308e03732ff678a9ecfaf775ef2e3a',16,'2025-01-30 16:40:31','2025-01-29 16:40:31'),(129,'fc36adbc2aa5b842e0eee869c2ee798cee0750e66a1fb21b8832ce514a0d08afc331b2d7afed35cb',16,'2025-02-06 16:06:50','2025-02-05 16:06:50');
/*!40000 ALTER TABLE `user_api_tokens` ENABLE KEYS */;
UNLOCK TABLES;

--
-- Table structure for table `users`
--

DROP TABLE IF EXISTS `users`;
/*!40101 SET @saved_cs_client     = @@character_set_client */;
/*!50503 SET character_set_client = utf8mb4 */;
CREATE TABLE `users` (
  `id` int NOT NULL AUTO_INCREMENT,
  `full_name` varchar(255) DEFAULT NULL,
  `email` varchar(255) DEFAULT NULL,
  `password` varchar(255) DEFAULT NULL,
  `created_at` datetime DEFAULT NULL,
  `updated_at` datetime DEFAULT NULL,
  PRIMARY KEY (`id`),
  UNIQUE KEY `email` (`email`)
) ENGINE=InnoDB AUTO_INCREMENT=26 DEFAULT CHARSET=utf8mb4 COLLATE=utf8mb4_0900_ai_ci;
/*!40101 SET character_set_client = @saved_cs_client */;

--
-- Dumping data for table `users`
--

LOCK TABLES `users` WRITE;
/*!40000 ALTER TABLE `users` DISABLE KEYS */;
INSERT INTO `users` VALUES (1,'Azizbek','azizbek.ziyodulayev@bk.ru','$2y$10$wQd45ewrEOZjzaf5w73Aye3RKuzQM0Oer2Bz6KV.4C1HBAHiuRrMG','2025-01-13 17:31:34','2025-01-13 17:31:34'),(16,'Messi','leo@bk.ru','$2y$10$TOt0RvtrCnpISQiupkGX2uMoQE1iu1Cy3XY6LrOcXg5AJieOjl5Qu','2025-01-13 17:37:58','2025-01-13 17:37:58'),(17,'1','1','$2y$10$z0xOp.CZ/02QrhRsO7zeWu7BFhBmJFB9plUXx2EoMSZCQlVjR2bxu','2025-01-13 17:38:33','2025-01-13 17:38:33'),(18,'Kelvin','aziz@bk.ru','$2y$10$wl5vZxzmYdU65SsGifuKG./5cMkv5WV.uQwUcmVn/L5UAFN1/3Acy','2025-01-13 20:29:00','2025-01-13 20:29:00'),(21,'UstozMarket','ramazon2012@bk.ru','$2y$10$sq.XkIC4hqKkOxSHo.ovfuMGi5YtUT.0MqnKbybt.XQtM/8LUKKIO','2025-01-14 22:23:07','2025-01-14 22:23:07'),(22,'21','212121@bk.ru','$2y$10$.QbwWzmUfUT/RTSjtjqPMOQ60fpC2XZwRH5len.8ZOj26SZA8OsUO','2025-01-14 22:23:22','2025-01-14 22:23:22'),(23,'1234','ramazon1234@bk.ru','$2y$10$1lECU6XBDWIt9OESk.0Hfuw4DXpJO.2rnM9ZgSaHu./olgIR2rdC.','2025-01-14 22:23:41','2025-01-14 22:23:41'),(24,'12','ramazon2024@bk.ru','$2y$10$oC1B1EAqxVe419RER3Ug9O45A87yQLjUyWtzyyFYEILd43LANLM2e','2025-01-14 22:24:25','2025-01-14 22:24:25'),(25,'KelvinKlein','azizbek.ziyodulayev12@bk.ru','$2y$10$iYLCILSi1rSJVA5amBbLxOthops/.q.ydlWw0juEb84voEg.NAGrO','2025-01-14 22:24:54','2025-01-14 22:24:54');
/*!40000 ALTER TABLE `users` ENABLE KEYS */;
UNLOCK TABLES;
/*!40103 SET TIME_ZONE=@OLD_TIME_ZONE */;

/*!40101 SET SQL_MODE=@OLD_SQL_MODE */;
/*!40014 SET FOREIGN_KEY_CHECKS=@OLD_FOREIGN_KEY_CHECKS */;
/*!40014 SET UNIQUE_CHECKS=@OLD_UNIQUE_CHECKS */;
/*!40101 SET CHARACTER_SET_CLIENT=@OLD_CHARACTER_SET_CLIENT */;
/*!40101 SET CHARACTER_SET_RESULTS=@OLD_CHARACTER_SET_RESULTS */;
/*!40101 SET COLLATION_CONNECTION=@OLD_COLLATION_CONNECTION */;
/*!40111 SET SQL_NOTES=@OLD_SQL_NOTES */;

-- Dump completed on 2025-02-05 16:33:31
